Assay	Indiv1	Indiv2	Indiv3	Indiv4	Indiv5
Mbnl1	74.60666665	81.31000003	75.40625	86.42125	93.78666668
Marveld2	24.9675	25.53916668	18.20249998	12.79333333	59.12916665
Tfec	50.26833334	43.4375	30.59416667	26.165	24.40166667
Pink1	73.3511111	78.0888889	74.8655556	81.9233333	85.9922222
Dst	95.39866666	96.5353333	96.64533332	97.13333336	96.514